id,q_id,method,retrieve_text,score,source
93164cce,1,固定大小,"及成像處理與品質驗證。接下來當「齊柏林衛星」完成拍攝、將資料傳回地面接收站後，影像處理中心人員就會將這些訊號數據解碼、校正與重組，拼貼成一幀幀能夠講述地表故事的照片。

校正流程分為「輻射校正」與「幾何校正」，前者是為了修正大氣或儀器本身帶來的系統性偏差，讓每個像素都能夠反映真實的光強度；後者則是搭配地理影像控制與數值地形模型，校準每一張影像的地理坐標，使其能與地圖、地形精準重疊。當山脈的輪廓開始對齊、河流與建築的位置對焦回現實，影像才能用於防災、救災或是地理研究等實際應用情境。

影像處理中心衛星資料處理組組長張莉雪表示，目前與太空中心合作的客戶有超過9成來自政府部門，「福衛五號」所拍攝的影",0.67919921875,data_02.txt
8cfc859e,2,固定大小,"會。
2026年，台灣的全民健保進入「兆元時代」，儘管要追趕超高齡人口的速度、高科技和新藥價格的飆漲，仍然吃力，但這個規模已近台灣中央總預算的三分之一，台灣健保投資已追上國民所得相近的國家。我們專訪新任衛福部長石崇良，他開出的首波改革與重整之道，正是對準醫療人力盤點與直美設限，企圖把全民負擔的健保集中火力投在最需要的醫療缺口上，新官上任後的政策支票是否合理，各界可以擴大討論，並且從現在開始，監督可行政策兌現的速度。",0.67724609375,data_03.txt
db2e6ed0,3,固定大小,"權更迭、甚至是王朝復辟的門檻上？

Q1：伊朗發生了什麼事，為什麼人民寧可冒著生命危險也要上街抗議？
A：在示威浪潮席捲全國之前，伊朗正面臨著數十年來最嚴重的經濟危機，除了官方貨幣里亞爾（Rial）急遽貶值至歷史最低點，伊朗2025年國內通膨率更超過40%，糧食與日用品等民生物價在短短半年內上漲逾60%，其中牛奶、雞蛋與麵包等基本食物的價格，更是飆漲了1倍以上。極為沉重的蕭條壓力，這才逼使走投無路的伊朗人民湧上街頭。
一開始，示威行動只是零星出現，但隨著通膨問題的快速惡化，以都市商人為主的市場商販公會，也從2025年12月開始加入罷工罷市的抗爭行列──此舉，大幅升級並凝聚了伊朗國內對於政府施政",0.62060546875,data_01.txt
61787dd4,4,固定大小,"的覆滅，已經是47年前的往事。對於國民年齡中位數只有34歲、6成人口都在40歲以下的現代伊朗而言，舊王朝的威權暴政已是上一代的陌生歷史，但對伊朗伊斯蘭共和國的失望與憤怒卻還是現實裡的日常進行式。因此，當伊朗街頭響起「讓巴勒維王朝回來統治我們」、「國王萬歲！」之際，這些口號反映的其實不是對君主統治的懷念與擁戴，而更像是一種情緒性的宣洩──一種對1979年革命與伊朗伊斯蘭共和國的全面否定與挑釁。

Q4：川普向伊朗示威者喊話「救兵快來了」，是否可能逆轉抗爭局勢？
A：在伊朗政府全面切斷網路並開始武力鎮壓的同時，國際社會也非常關注美國總統川普的下一步行動。這一方面是因為川普政府一直視伊朗政府為全球最",0.76708984375,data_01.txt
6ae2bc99,5,固定大小,"INT可解析軍事動作與戰術
最被大眾熟知與常被使用的遙測影像是Google Earth，彙整多家遙測影像的虛擬地球，便於使用者操作，遙測影像藉由資訊科技的進步，變成人人可及的資訊。現年26歲、就讀台灣師範大學東亞學系碩士班的溫約瑟，22歲時靠著善用這些公開資訊製作出「解放軍基地與設施地圖」一夕爆紅，他所使用的衛星遙測影像就包括Google Earth、歐盟哥白尼（Copernicus）的哨兵（Sentinel）衛星、微軟Bing Maps與Apple Maps等，加上查證所完成──這樣的技術稱為公開來源情報（Open Source Intelligence, OSINT），美國國家情報總監（D",0.71728515625,data_05.txt
e105ae65,6,固定大小,"近的位置。

林穎佑進一步解釋，「當我國想要關注東風15或16的部署時，會與美國首要關注長程飛彈截然不同，優先順序怎麼安排？美國衛星當然會以他們自己的需求為主，這就是現實。如果台灣能擁有遙測衛星影像，那與美國進行情報交換就能做到互補效果，」他指出，「我們的優勢是在第一島鏈，距離解放軍很近，取得的資訊也跟美國很不一樣，應該是要互補而不是競爭；他幫我們看照其他部分，我們提供他們近海的研析資訊。」
對於國安，吳宗信更是罕見願意多談，他舉例：「更精細的遙測衛星可以拍到油槽上方陰影，而陰影的深淺可以利用三維分析出油槽是滿油還是空槽，長期關注下，在敵方戰備時就能預先研判。」在國防安全上，遙測衛星可以做的情",0.56982421875,data_05.txt
b6dc7825,7,固定大小,"一來，是因為美國目前可採取的行動選項有限，包括提供網路支援、突破伊朗政府對Starlink的信號干擾、再次空襲伊朗革命衛隊的指揮基地，甚至是空降突襲對最高領袖哈米尼發動「斬首行動」，都無法達到「一擊逆轉」伊朗國內政局之目的，反而更可能坐實伊朗政府「民眾抗爭是境外勢力煽動叛亂」的指控，使情勢進一步惡化。

此外，美國的中東盟邦──包括沙烏地阿拉伯、阿拉伯聯合大公國（UAE）、科威特、卡達、阿曼與巴林等與伊朗相鄰的海灣石油國家，也都極力勸阻川普攻擊伊朗。

這些石油國家普遍認為，儘管自1979年推翻巴勒維王朝以來，伊朗伊斯蘭共和國持續進行的「革命輸出」，一直是海灣阿拉伯王室體制所面臨的最大威脅之一",0.65380859375,data_01.txt
aa27868c,8,固定大小,"二戰後全球發動逾2千次核試驗 誰是蕈狀雲下的犧牲者？
二戰結束後，至少有8國執行超過2千次核試驗，地點大多選在偏遠地帶或離島。這些核試驗場周遭的居民，至今仍因暴露在輻射下導致疾病，或被迫離開家園，刻下無法抹滅的傷痕。如今美國總統川普一度宣布重啟核試，世界局勢愈發緊張，又是誰將承擔輻射的代價？
爆炸發生幾小時後，人們就抓破自己的皮膚，母親們眼睜睜地看著孩子們的頭髮都掉在地上，水泡在一夜之間吞噬了他們的身體。

基爾瑪——馬紹爾群島核委會主席
80年前，美國向日本廣島和長崎投下2顆原子彈結束二次世界大戰，當下造成約11萬人喪生，卻也開啟核子時代。各國進入冷戰時期後力拚軍備競賽，包含美國、蘇聯、英國",0.65966796875,data_04.txt
86bc2250,9,固定大小,"像多數用於國土監測，包含崩塌地或是農業用地的土地利用監測等。當像是馬太鞍溪堰塞湖潰壩這樣的緊急災害事件發生時，衛星影像也可以比對出地表變化。


Made with Flourish • Create a photo slider
當Taiwan Can Help走向太空
除了自家國土監測外，衛星資料也幫助台灣在跨國合作中扮演關鍵角色。我國自2010年加入由日本主導的「守望亞洲（Sentinel Asia）」國際志願計畫，此計畫的目的是希望結合擁有衛星資源與分析量能的單位，當亞太地區發生災害事件時，可以調度衛星進行救災與協作。

舉例來說，2023年菲律賓民都洛近海油輪「MT Princess",0.7890625,data_02.txt
2fb8e3ea,10,固定大小,"會。
2026年，台灣的全民健保進入「兆元時代」，儘管要追趕超高齡人口的速度、高科技和新藥價格的飆漲，仍然吃力，但這個規模已近台灣中央總預算的三分之一，台灣健保投資已追上國民所得相近的國家。我們專訪新任衛福部長石崇良，他開出的首波改革與重整之道，正是對準醫療人力盤點與直美設限，企圖把全民負擔的健保集中火力投在最需要的醫療缺口上，新官上任後的政策支票是否合理，各界可以擴大討論，並且從現在開始，監督可行政策兌現的速度。",0.68505859375,data_03.txt
704bcea8,11,固定大小,"影響全球石油經濟穩定，卻長期遭到國際制裁封鎖的中東大國──伊朗──目前正經歷一場極為血腥且高度對立的官民衝突。由於不滿政府無力回應失控的物價通膨與瀕臨崩潰的國內經濟，自2025年12月底起，伊朗各地陸續爆發大規模罷工、罷市與示威抗爭；然而，伊朗政府卻將這波行動定調為意圖推翻政權的「恐怖主義行為」，不僅自今年（2026）1月8日起全面切斷網際網路與行動通訊，同時動員安全部隊與民兵，全面展開武力鎮壓。截至1月13日為止，伊朗境內已傳出至少20,000人遭到逮捕，短短兩個星期的鎮壓行動，更可能超過2,400人死亡。

儘管伊朗政府不斷強調將不計一切代價地鎮壓這場「暴動」，更威脅以「全面戰爭」警告美國",0.72900390625,data_01.txt
a82e910c,12,固定大小,"AI去進行監控和預警，搭配起來會對國家安全、經濟活動有戰略保護的功能。」

「福衛八號」的酬載任務，還包括這次「齊柏林衛星」搭載「雙波段大氣瞬變影像儀」與「電子溫度密度儀」，將科學儀器戴上太空，用於觀測閃電、大氣電學與電離層結構變化。這些酬載主要由成功大學團隊設計，透過衛星平台進行太空驗證，提供大氣電學與物理研究的第一手資料。

國家太空中心更已著手進行「福衛九號」計畫。「福衛九號」將採用「全天候高解析度微波遙測技術」，這樣的技術具備穿透雲層的能力，即使在夜晚或厚雲覆蓋下仍能清晰成像，「福衛九號」將與「福衛八號」的光學遙測衛星互補，構建更完整的對地觀測系統，預計於2027年、2029年發射。",0.748046875,data_02.txt
b67d737e,13,固定大小,"，美國在馬紹爾群島進行了約66次核試驗，釋放能量相當於7232顆廣島原子彈。

美國國家癌症研究所推估，1948年至1970年間住在馬紹爾群島的居民罹患的癌症，有0.4%至3.4%可能由輻射暴露引起；對直接接觸到放射性落塵的居民來說，比例最高更達69%。

美國當時將居住於核試驗場附近的馬紹爾居民遷至美國本土，即使在1970及1980年代曾試圖讓他們返回，但由於部分島嶼仍有輻射污染，有些人至今未能重返家園。

美國當初花費1.05億美元（逾台幣30億元），將超過7.3萬立方公尺的放射性碎片，倒進馬紹爾群島核爆形成的彈坑中，並用巨大的混凝土穹頂覆蓋，被稱為「魯尼特圓頂」。

美國官方在1980年",0.5263671875,data_04.txt
53d646f1,14,固定大小,"2031年前完成星系布建，現已規劃陸續接替「福衛五號」的遙測任務。「福衛八號」最大的特色在於它是台灣第一個以建構自主產業鏈為核心目標打造的衛星星系，從結構材料、推進次系統到光學鏡頭，整體系統84%的關鍵元件、57項核心技術由國內研製完成，幾乎涵蓋了整個衛星製造流程，展示台灣目標打入國際太空產業的決心。

除了持續為台灣進行國土監測與災害應變外，「福衛八號」也將展現在國家安全、科學研究等面向發揮更完整的功能。國家太空中心主任吳宗信舉例，高解析度的影像能用來大面積監測中國海警船等船隻的動態，並與自動識別系統（AIS）資料比對，以偵測那些關閉訊號、從事非法行動的「暗目標」，「甚至我們在影像處理能使用",0.77099609375,data_02.txt
a2065dbc,15,固定大小,"消失的住院醫師
健保兆元時代，擋得住「直美」風潮與急重難科持續失血嗎？
醫院急重症人力崩塌持續擴大，20年前的內外婦兒「四大皆空」、10年前變成內外婦兒急「五大皆空」，到了今年（2025），甚至因為神經內科24小時取栓的過勞、也引發出走潮，再累加至內外婦兒急神經「六大皆空」。
《報導者》2024年年底推出《誰掏空了醫院人力》專題，以數據資料解析30年最大一波的護理人力出走潮，離開的護理師去哪裡？哪些醫院最留不住人？同時揭露，自費診所3年開了300家，成為急重症科人力巨大的磁石。
數月後我們持續追蹤，醫院人力失血沒有止住，今年度各大醫院多個困難科住院醫師招收持續創新低，我們取得專科醫學會的資料、",0.669921875,data_03.txt
73003d56,16,固定大小,"布「齊柏林衛星」光學解析度可拍攝到距離地面近達1公尺的影像，國科會主委吳誠文在起運典禮上表示，「前兩顆衛星會是同樣的解析度，接下來的衛星將朝解析度70公分甚至50公分邁進，利用科技實力守護台灣。」

但也有聲音質疑，既然衛星發射都仰賴馬斯克（Elon Musk）旗下美國太空探索科技公司（SpaceX）的火箭，為什麼不連同遙測影像都跟美國購買就好？況且美國衛星技術也比台灣自主研發的更先進？吳宗信說明，每一顆衛星每天要做什麼事都需要排程，從地面下指令讓遙測衛星來執行，當經過的地點有很多事情要做的時候，就得依照優先順序，若只依靠跟美國購買遙測影像，「台灣要情蒐的影像有比美國（自己的）重要嗎？」吳宗信",0.73876953125,data_05.txt
0c7cd13d,17,固定大小,"走訪醫學中心現場，由專家依臨床照顧人力需求指引，完整呈現醫療人力走勢：哪些是人力極度缺乏的紅區、哪裡是拉警報的黃區、哪裡又是搶破頭的綠區？此外，更深度下探不同專科內嚴重的「科內不均」現象，大專科人力總額不足辨識真正乏人問津、卻不能沒有的次專科分布，衛福部和醫策會長年未完成真正的醫療人力盤點與調查，《報導者》整合多個資料，讓台灣次專科分布圖輪廓首度被看見。
然而，不以專科發展為目標的年輕住院醫師，不進入醫院的選擇是什麼？由日本創造出來的名詞「直美」（Chokubi）、醫學生畢業後直接進入醫美巿場是潮流之一。「直美」規模與影響究竟有多大？在醫療生態系裡，直美醫師的誘因與風險又是什麼？我們有官方的數",0.6591796875,data_03.txt
0f1d8347,18,固定大小,"分裂產物半衰期極短，只有幾分之一秒，但少數的半衰期長到可在數年內對人類及環境構成威脅。

例如放射性物質「鍶-90」半衰期達28年，會在生物骨骼中積聚，並導致腫瘤、白血病和其他血液疾病；銫-137的半衰期為30年，可能導致生殖腺輻射暴露與基因損傷；鈽-​​239半衰期則長達2.44萬年，即使只攝取1微克，也會造成骨骼及肺部腫瘤等嚴重危害。

此外，也有學者指出，這些放射性同位素會殘留在土壤及水中，進而入侵動植物體內、在食物鏈累積。德國一項對野豬體內銫污染的研究發現，其中有68%可追溯至全球各地進行的核試驗。

「核試爆能量是7232顆廣島原子彈」 馬紹爾成回不去的家園
1946年至1958年間",0.73974609375,data_04.txt
09335834,19,固定大小,"減戰略武器條約》將於2026年2月到期，代表全球已開啟新一輪核武威脅時代。

如今的核武威脅達到冷戰以來的高峰，世界地緣政治局勢也比以往任何時候更動盪不安。",0.7763671875,data_04.txt
31a2d2f3,20,固定大小,"2031年前完成星系布建，現已規劃陸續接替「福衛五號」的遙測任務。「福衛八號」最大的特色在於它是台灣第一個以建構自主產業鏈為核心目標打造的衛星星系，從結構材料、推進次系統到光學鏡頭，整體系統84%的關鍵元件、57項核心技術由國內研製完成，幾乎涵蓋了整個衛星製造流程，展示台灣目標打入國際太空產業的決心。

除了持續為台灣進行國土監測與災害應變外，「福衛八號」也將展現在國家安全、科學研究等面向發揮更完整的功能。國家太空中心主任吳宗信舉例，高解析度的影像能用來大面積監測中國海警船等船隻的動態，並與自動識別系統（AIS）資料比對，以偵測那些關閉訊號、從事非法行動的「暗目標」，「甚至我們在影像處理能使用",0.67041015625,data_02.txt
c956fc0d,1,滑動視窗,"從太空到地表的連線：衛星傳輸後的影像處理中心解碼、校正
走進國家太空中心的影像處理中心，隔著玻璃窗，我們看見機房裡頭擺放著20多櫃資料處理系統，其中包含3部超級電腦，這些電腦的用途是針對衛星進行任務排程、資料管理、接收，以及成像處理與品質驗證。接下來當「齊柏林衛星」完成拍攝、將資料傳回地面接收站後，影像處理中心人員就會將這些訊號數據解碼、校正與重組，拼貼成一幀幀能夠講述地表故事的照片。",0.52099609375,data_02.txt
b46e5df0,2,滑動視窗,2026年，台灣的全民健保進入「兆元時代」，儘管要追趕超高齡人口的速度、高科技和新藥價格的飆漲，仍然吃力，但這個規模已近台灣中央總預算的三分之一，台灣健保投資已追上國民所得相近的國家。我們專訪新任衛福部長石崇良，他開出的首波改革與重整之道，正是對準醫療人力盤點與直美設限，企圖把全民負擔的健保集中火力投在最需要的醫療缺口上，新官上任後的政策支票是否合理，各界可以擴大討論，並且從現在開始，監督可行政策兌現的速度。,0.6904296875,data_03.txt
be747266,3,滑動視窗,"2025年極端大旱的結果，讓伊朗的農業陷入絕境，農村破產讓伊朗社會的貧困問題加倍嚴重，農作歉收也進一步推升了因政治局勢而通膨失控的民生物價。同時，水庫缺水導致的發電停擺，也讓伊朗各大城市不僅面臨限水，還得面對比往年更加嚴重的限電窘境。
在天災、人禍與戰爭風險同步包夾的多重壓力下，伊朗社會的痛苦指數終於在2025年底攀升至臨界點。儘管伊朗政府為了舒緩民怨，試圖釋放改革訊號，並局部放寬過去因宗教理由而設下的娛樂禁令與部分社會限制，但在國內經濟瀕臨崩潰的現實下，既憤怒又絕望的伊朗民眾即便明知政府必會回應以暴力鎮壓，仍選擇走上街頭，群起掀起一波足以動搖威權統治的抗爭巨浪。",0.62744140625,data_01.txt
813a8934,4,滑動視窗,但巴勒維王朝的覆滅，已經是47年前的往事。對於國民年齡中位數只有34歲、6成人口都在40歲以下的現代伊朗而言，舊王朝的威權暴政已是上一代的陌生歷史，但對伊朗伊斯蘭共和國的失望與憤怒卻還是現實裡的日常進行式。因此，當伊朗街頭響起「讓巴勒維王朝回來統治我們」、「國王萬歲！」之際，這些口號反映的其實不是對君主統治的懷念與擁戴，而更像是一種情緒性的宣洩──一種對1979年革命與伊朗伊斯蘭共和國的全面否定與挑釁。,0.79150390625,data_01.txt
232cf73f,5,滑動視窗,"Source Intelligence, OSINT），美國國家情報總監（Director of National Intelligence, DNI）定義為「專門從公開或商業可用資訊中獲取的情報，目的在解決特定的情報事項或要求」。",0.70703125,data_05.txt
6c0a7c02,6,滑動視窗,對於國安，吳宗信更是罕見願意多談，他舉例：「更精細的遙測衛星可以拍到油槽上方陰影，而陰影的深淺可以利用三維分析出油槽是滿油還是空槽，長期關注下，在敵方戰備時就能預先研判。」在國防安全上，遙測衛星可以做的情蒐工作還有很多。,0.755859375,data_05.txt
cdd08673,7,滑動視窗,此外，美國的中東盟邦──包括沙烏地阿拉伯、阿拉伯聯合大公國（UAE）、科威特、卡達、阿曼與巴林等與伊朗相鄰的海灣石油國家，也都極力勸阻川普攻擊伊朗。,0.60986328125,data_01.txt
42e8ff72,8,滑動視窗,"二戰後全球發動逾2千次核試驗 誰是蕈狀雲下的犧牲者？
二戰結束後，至少有8國執行超過2千次核試驗，地點大多選在偏遠地帶或離島。這些核試驗場周遭的居民，至今仍因暴露在輻射下導致疾病，或被迫離開家園，刻下無法抹滅的傷痕。如今美國總統川普一度宣布重啟核試，世界局勢愈發緊張，又是誰將承擔輻射的代價？
爆炸發生幾小時後，人們就抓破自己的皮膚，母親們眼睜睜地看著孩子們的頭髮都掉在地上，水泡在一夜之間吞噬了他們的身體。",0.68505859375,data_04.txt
acdbbab1,9,滑動視窗,"Made with Flourish • Create a photo slider
當Taiwan Can Help走向太空
除了自家國土監測外，衛星資料也幫助台灣在跨國合作中扮演關鍵角色。我國自2010年加入由日本主導的「守望亞洲（Sentinel Asia）」國際志願計畫，此計畫的目的是希望結合擁有衛星資源與分析量能的單位，當亞太地區發生災害事件時，可以調度衛星進行救災與協作。",0.76904296875,data_02.txt
0d9030ed,10,滑動視窗,2026年，台灣的全民健保進入「兆元時代」，儘管要追趕超高齡人口的速度、高科技和新藥價格的飆漲，仍然吃力，但這個規模已近台灣中央總預算的三分之一，台灣健保投資已追上國民所得相近的國家。我們專訪新任衛福部長石崇良，他開出的首波改革與重整之道，正是對準醫療人力盤點與直美設限，企圖把全民負擔的健保集中火力投在最需要的醫療缺口上，新官上任後的政策支票是否合理，各界可以擴大討論，並且從現在開始，監督可行政策兌現的速度。,0.68994140625,data_03.txt
3c7964cb,11,滑動視窗,"影響全球石油經濟穩定，卻長期遭到國際制裁封鎖的中東大國──伊朗──目前正經歷一場極為血腥且高度對立的官民衝突。由於不滿政府無力回應失控的物價通膨與瀕臨崩潰的國內經濟，自2025年12月底起，伊朗各地陸續爆發大規模罷工、罷市與示威抗爭；然而，伊朗政府卻將這波行動定調為意圖推翻政權的「恐怖主義行為」，不僅自今年（2026）1月8日起全面切斷網際網路與行動通訊，同時動員安全部隊與民兵，全面展開武力鎮壓。截至1月13日為止，伊朗境內已傳出至少20,000人遭到逮捕，短短兩個星期的鎮壓行動，更可能超過2,400人死亡。",0.72802734375,data_01.txt
9f11abb8,12,滑動視窗,"「福衛八號」的酬載任務，還包括這次「齊柏林衛星」搭載「雙波段大氣瞬變影像儀」與「電子溫度密度儀」，將科學儀器戴上太空，用於觀測閃電、大氣電學與電離層結構變化。這些酬載主要由成功大學團隊設計，透過衛星平台進行太空驗證，提供大氣電學與物理研究的第一手資料。

國家太空中心更已著手進行「福衛九號」計畫。「福衛九號」將採用「全天候高解析度微波遙測技術」，這樣的技術具備穿透雲層的能力，即使在夜晚或厚雲覆蓋下仍能清晰成像，「福衛九號」將與「福衛八號」的光學遙測衛星互補，構建更完整的對地觀測系統，預計於2027年、2029年發射。",0.73486328125,data_02.txt
780317c7,13,滑動視窗,"美國國家癌症研究所推估，1948年至1970年間住在馬紹爾群島的居民罹患的癌症，有0.4%至3.4%可能由輻射暴露引起；對直接接觸到放射性落塵的居民來說，比例最高更達69%。

美國當時將居住於核試驗場附近的馬紹爾居民遷至美國本土，即使在1970及1980年代曾試圖讓他們返回，但由於部分島嶼仍有輻射污染，有些人至今未能重返家園。

美國當初花費1.05億美元（逾台幣30億元），將超過7.3萬立方公尺的放射性碎片，倒進馬紹爾群島核爆形成的彈坑中，並用巨大的混凝土穹頂覆蓋，被稱為「魯尼特圓頂」。

美國官方在1980年拍攝的魯尼特圓頂。（圖／法新社資料照）",0.54541015625,data_04.txt
e6265f85,14,滑動視窗,"台灣自主遙測衛星「福衛八號」以6＋2顆組成星系，相較於目前僅有一顆的「福衛五號」，涵蓋的時間與覆蓋率都會提升。吳宗信表示，遙測繼續不斷進步，以前只要拍到就好，但現在除了拍到，還要能拍得更清晰，甚至造訪上空的間隔更短。
根據國家太空中心提供的資料，「福衛八號」第一顆衛星「齊柏林衛星」，編號FS-8A，自2017年開始規劃，研發費用2億元、造價3億元，屬於「第三期國家太空科技發展長程計畫」251億元的其中一部分。",0.65771484375,data_05.txt
392fad51,15,滑動視窗,"消失的住院醫師
健保兆元時代，擋得住「直美」風潮與急重難科持續失血嗎？
醫院急重症人力崩塌持續擴大，20年前的內外婦兒「四大皆空」、10年前變成內外婦兒急「五大皆空」，到了今年（2025），甚至因為神經內科24小時取栓的過勞、也引發出走潮，再累加至內外婦兒急神經「六大皆空」。
《報導者》2024年年底推出《誰掏空了醫院人力》專題，以數據資料解析30年最大一波的護理人力出走潮，離開的護理師去哪裡？哪些醫院最留不住人？同時揭露，自費診所3年開了300家，成為急重症科人力巨大的磁石。",0.66455078125,data_03.txt
22062d5a,16,滑動視窗,但也有聲音質疑，既然衛星發射都仰賴馬斯克（Elon Musk）旗下美國太空探索科技公司（SpaceX）的火箭，為什麼不連同遙測影像都跟美國購買就好？況且美國衛星技術也比台灣自主研發的更先進？吳宗信說明，每一顆衛星每天要做什麼事都需要排程，從地面下指令讓遙測衛星來執行，當經過的地點有很多事情要做的時候，就得依照優先順序，若只依靠跟美國購買遙測影像，「台灣要情蒐的影像有比美國（自己的）重要嗎？」吳宗信指出：「我們願意多花多少錢將排序往前挪？愈精細的影像要價愈貴，甚至關乎國家安全的重要事項，通常都是各國自製衛星的第一要務，購買方即使出再多錢都不見得能擠進去。」,0.7646484375,data_05.txt
e7c2aa22,17,滑動視窗,然而，不以專科發展為目標的年輕住院醫師，不進入醫院的選擇是什麼？由日本創造出來的名詞「直美」（Chokubi）、醫學生畢業後直接進入醫美巿場是潮流之一。「直美」規模與影響究竟有多大？在醫療生態系裡，直美醫師的誘因與風險又是什麼？我們有官方的數據以及同樣面臨這股「直美風暴」的日、韓專家跨國採訪，大家思考的防範或改革手段是什麼？我們也找到台灣首代直美醫師，他不設防的真心話，讓大家看見選擇直美醫師的多層意象。,0.75927734375,data_03.txt
feed1d76,18,滑動視窗,"例如放射性物質「鍶-90」半衰期達28年，會在生物骨骼中積聚，並導致腫瘤、白血病和其他血液疾病；銫-137的半衰期為30年，可能導致生殖腺輻射暴露與基因損傷；鈽-​​239半衰期則長達2.44萬年，即使只攝取1微克，也會造成骨骼及肺部腫瘤等嚴重危害。

此外，也有學者指出，這些放射性同位素會殘留在土壤及水中，進而入侵動植物體內、在食物鏈累積。德國一項對野豬體內銫污染的研究發現，其中有68%可追溯至全球各地進行的核試驗。

「核試爆能量是7232顆廣島原子彈」 馬紹爾成回不去的家園
1946年至1958年間，美國在馬紹爾群島進行了約66次核試驗，釋放能量相當於7232顆廣島原子彈。",0.732421875,data_04.txt
d71dd39f,19,滑動視窗,"報告也分析，美、俄、英、法、中國、印度、巴基斯坦、北韓及以色列等9個擁核國，都仍計畫擴增核武庫，並退出軍備控制協議，加上美俄之間最後一份協議《新削減戰略武器條約》將於2026年2月到期，代表全球已開啟新一輪核武威脅時代。

如今的核武威脅達到冷戰以來的高峰，世界地緣政治局勢也比以往任何時候更動盪不安。",0.82275390625,data_04.txt
955a7200,20,滑動視窗,次專訪國家太空中心（TASA）談起這項國安任務，並訪問軍事專家分析，未來「福衛八號」搭配其他商用衛星，能幫台灣的國家安全做什麼？,0.666015625,data_05.txt
d6731c3f,1,語義切塊,"從太空到地表的連線：衛星傳輸後的影像處理中心解碼、校正
走進國家太空中心的影像處理中心，隔著玻璃窗，我們看見機房裡頭擺放著20多櫃資料處理系統，其中包含3部超級電腦，這些電腦的用途是針對衛星進行任務排程、資料管理、接收，以及成像處理與品質驗證。接下來當「齊柏林衛星」完成拍攝、將資料傳回地面接收站後，影像處理中心人員就會將這些訊號數據解碼、校正與重組，拼貼成一幀幀能夠講述地表故事的照片。",0.52099609375,data_02.txt
a8c244d2,2,語義切塊,2026年，台灣的全民健保進入「兆元時代」，儘管要追趕超高齡人口的速度、高科技和新藥價格的飆漲，仍然吃力，但這個規模已近台灣中央總預算的三分之一，台灣健保投資已追上國民所得相近的國家。我們專訪新任衛福部長石崇良，他開出的首波改革與重整之道，正是對準醫療人力盤點與直美設限，企圖把全民負擔的健保集中火力投在最需要的醫療缺口上，新官上任後的政策支票是否合理，各界可以擴大討論，並且從現在開始，監督可行政策兌現的速度。,0.6904296875,data_03.txt
c7da09f7,3,語義切塊,"2025年極端大旱的結果，讓伊朗的農業陷入絕境，農村破產讓伊朗社會的貧困問題加倍嚴重，農作歉收也進一步推升了因政治局勢而通膨失控的民生物價。同時，水庫缺水導致的發電停擺，也讓伊朗各大城市不僅面臨限水，還得面對比往年更加嚴重的限電窘境。
在天災、人禍與戰爭風險同步包夾的多重壓力下，伊朗社會的痛苦指數終於在2025年底攀升至臨界點。儘管伊朗政府為了舒緩民怨，試圖釋放改革訊號，並局部放寬過去因宗教理由而設下的娛樂禁令與部分社會限制，但在國內經濟瀕臨崩潰的現實下，既憤怒又絕望的伊朗民眾即便明知政府必會回應以暴力鎮壓，仍選擇走上街頭，群起掀起一波足以動搖威權統治的抗爭巨浪。",0.62744140625,data_01.txt
e47167ae,4,語義切塊,但巴勒維王朝的覆滅，已經是47年前的往事。對於國民年齡中位數只有34歲、6成人口都在40歲以下的現代伊朗而言，舊王朝的威權暴政已是上一代的陌生歷史，但對伊朗伊斯蘭共和國的失望與憤怒卻還是現實裡的日常進行式。因此，當伊朗街頭響起「讓巴勒維王朝回來統治我們」、「國王萬歲！」之際，這些口號反映的其實不是對君主統治的懷念與擁戴，而更像是一種情緒性的宣洩──一種對1979年革命與伊朗伊斯蘭共和國的全面否定與挑釁。,0.79150390625,data_01.txt
1be1192f,5,語義切塊,"最被大眾熟知與常被使用的遙測影像是Google Earth，彙整多家遙測影像的虛擬地球，便於使用者操作，遙測影像藉由資訊科技的進步，變成人人可及的資訊。現年26歲、就讀台灣師範大學東亞學系碩士班的溫約瑟，22歲時靠著善用這些公開資訊製作出「解放軍基地與設施地圖」一夕爆紅，他所使用的衛星遙測影像就包括Google Earth、歐盟哥白尼（Copernicus）的哨兵（Sentinel）衛星、微軟Bing Maps與Apple Maps等，加上查證所完成──這樣的技術稱為公開來源情報（Open Source Intelligence, OSINT），美國國家情報總監（Director of",0.68701171875,data_05.txt
2d265e9f,6,語義切塊,對於國安，吳宗信更是罕見願意多談，他舉例：「更精細的遙測衛星可以拍到油槽上方陰影，而陰影的深淺可以利用三維分析出油槽是滿油還是空槽，長期關注下，在敵方戰備時就能預先研判。」在國防安全上，遙測衛星可以做的情蒐工作還有很多。,0.755859375,data_05.txt
7c403c43,7,語義切塊,此外，美國的中東盟邦──包括沙烏地阿拉伯、阿拉伯聯合大公國（UAE）、科威特、卡達、阿曼與巴林等與伊朗相鄰的海灣石油國家，也都極力勸阻川普攻擊伊朗。,0.60986328125,data_01.txt
6e3b80bf,8,語義切塊,"二戰後全球發動逾2千次核試驗 誰是蕈狀雲下的犧牲者？
二戰結束後，至少有8國執行超過2千次核試驗，地點大多選在偏遠地帶或離島。這些核試驗場周遭的居民，至今仍因暴露在輻射下導致疾病，或被迫離開家園，刻下無法抹滅的傷痕。如今美國總統川普一度宣布重啟核試，世界局勢愈發緊張，又是誰將承擔輻射的代價？
爆炸發生幾小時後，人們就抓破自己的皮膚，母親們眼睜睜地看著孩子們的頭髮都掉在地上，水泡在一夜之間吞噬了他們的身體。",0.68505859375,data_04.txt
327dd295,9,語義切塊,"Made with Flourish • Create a photo slider
當Taiwan Can Help走向太空
除了自家國土監測外，衛星資料也幫助台灣在跨國合作中扮演關鍵角色。我國自2010年加入由日本主導的「守望亞洲（Sentinel Asia）」國際志願計畫，此計畫的目的是希望結合擁有衛星資源與分析量能的單位，當亞太地區發生災害事件時，可以調度衛星進行救災與協作。",0.76904296875,data_02.txt
f1e8621e,10,語義切塊,2026年，台灣的全民健保進入「兆元時代」，儘管要追趕超高齡人口的速度、高科技和新藥價格的飆漲，仍然吃力，但這個規模已近台灣中央總預算的三分之一，台灣健保投資已追上國民所得相近的國家。我們專訪新任衛福部長石崇良，他開出的首波改革與重整之道，正是對準醫療人力盤點與直美設限，企圖把全民負擔的健保集中火力投在最需要的醫療缺口上，新官上任後的政策支票是否合理，各界可以擴大討論，並且從現在開始，監督可行政策兌現的速度。,0.68994140625,data_03.txt
301c840a,11,語義切塊,"影響全球石油經濟穩定，卻長期遭到國際制裁封鎖的中東大國──伊朗──目前正經歷一場極為血腥且高度對立的官民衝突。由於不滿政府無力回應失控的物價通膨與瀕臨崩潰的國內經濟，自2025年12月底起，伊朗各地陸續爆發大規模罷工、罷市與示威抗爭；然而，伊朗政府卻將這波行動定調為意圖推翻政權的「恐怖主義行為」，不僅自今年（2026）1月8日起全面切斷網際網路與行動通訊，同時動員安全部隊與民兵，全面展開武力鎮壓。截至1月13日為止，伊朗境內已傳出至少20,000人遭到逮捕，短短兩個星期的鎮壓行動，更可能超過2,400人死亡。",0.72802734375,data_01.txt
d1687f55,12,語義切塊,"「福衛八號」的酬載任務，還包括這次「齊柏林衛星」搭載「雙波段大氣瞬變影像儀」與「電子溫度密度儀」，將科學儀器戴上太空，用於觀測閃電、大氣電學與電離層結構變化。這些酬載主要由成功大學團隊設計，透過衛星平台進行太空驗證，提供大氣電學與物理研究的第一手資料。

國家太空中心更已著手進行「福衛九號」計畫。「福衛九號」將採用「全天候高解析度微波遙測技術」，這樣的技術具備穿透雲層的能力，即使在夜晚或厚雲覆蓋下仍能清晰成像，「福衛九號」將與「福衛八號」的光學遙測衛星互補，構建更完整的對地觀測系統，預計於2027年、2029年發射。",0.73486328125,data_02.txt
d9050c3e,13,語義切塊,"美國當時將居住於核試驗場附近的馬紹爾居民遷至美國本土，即使在1970及1980年代曾試圖讓他們返回，但由於部分島嶼仍有輻射污染，有些人至今未能重返家園。

美國當初花費1.05億美元（逾台幣30億元），將超過7.3萬立方公尺的放射性碎片，倒進馬紹爾群島核爆形成的彈坑中，並用巨大的混凝土穹頂覆蓋，被稱為「魯尼特圓頂」。

美國官方在1980年拍攝的魯尼特圓頂。（圖／法新社資料照）

然而，如今穹頂已出現結構弱化跡象，在海平面上升的壓力下可能產生裂縫。美國政府現在主張，建造此坑洞只是為了儲放核廢料，而非保護周遭環境免受污染。",0.68310546875,data_04.txt
bf3bac9c,14,語義切塊,"台灣自主遙測衛星「福衛八號」以6＋2顆組成星系，相較於目前僅有一顆的「福衛五號」，涵蓋的時間與覆蓋率都會提升。吳宗信表示，遙測繼續不斷進步，以前只要拍到就好，但現在除了拍到，還要能拍得更清晰，甚至造訪上空的間隔更短。
根據國家太空中心提供的資料，「福衛八號」第一顆衛星「齊柏林衛星」，編號FS-8A，自2017年開始規劃，研發費用2億元、造價3億元，屬於「第三期國家太空科技發展長程計畫」251億元的其中一部分。",0.65771484375,data_05.txt
8393397a,15,語義切塊,"消失的住院醫師
健保兆元時代，擋得住「直美」風潮與急重難科持續失血嗎？
醫院急重症人力崩塌持續擴大，20年前的內外婦兒「四大皆空」、10年前變成內外婦兒急「五大皆空」，到了今年（2025），甚至因為神經內科24小時取栓的過勞、也引發出走潮，再累加至內外婦兒急神經「六大皆空」。
《報導者》2024年年底推出《誰掏空了醫院人力》專題，以數據資料解析30年最大一波的護理人力出走潮，離開的護理師去哪裡？哪些醫院最留不住人？同時揭露，自費診所3年開了300家，成為急重症科人力巨大的磁石。",0.66455078125,data_03.txt
aee3ccb8,16,語義切塊,但也有聲音質疑，既然衛星發射都仰賴馬斯克（Elon Musk）旗下美國太空探索科技公司（SpaceX）的火箭，為什麼不連同遙測影像都跟美國購買就好？況且美國衛星技術也比台灣自主研發的更先進？吳宗信說明，每一顆衛星每天要做什麼事都需要排程，從地面下指令讓遙測衛星來執行，當經過的地點有很多事情要做的時候，就得依照優先順序，若只依靠跟美國購買遙測影像，「台灣要情蒐的影像有比美國（自己的）重要嗎？」吳宗信指出：「我們願意多花多少錢將排序往前挪？愈精細的影像要價愈貴，甚至關乎國家安全的重要事項，通常都是各國自製衛星的第一要務，購買方即使出再多錢都不見得能擠進去。」,0.7646484375,data_05.txt
2032f682,17,語義切塊,然而，不以專科發展為目標的年輕住院醫師，不進入醫院的選擇是什麼？由日本創造出來的名詞「直美」（Chokubi）、醫學生畢業後直接進入醫美巿場是潮流之一。「直美」規模與影響究竟有多大？在醫療生態系裡，直美醫師的誘因與風險又是什麼？我們有官方的數據以及同樣面臨這股「直美風暴」的日、韓專家跨國採訪，大家思考的防範或改革手段是什麼？我們也找到台灣首代直美醫師，他不設防的真心話，讓大家看見選擇直美醫師的多層意象。,0.75927734375,data_03.txt
f764682e,18,語義切塊,"除了核彈爆炸當下產生的致命性破壞外，大氣層核試驗會使放射性落塵隨氣流擴散至更遙遠的地區，污染表層土壤；即使是在地下進行核試，這些粒子仍會在高壓下進入大氣層。

由於放射性落塵中的核分裂產物半衰期差異大，因此造成長期的輻射殘留。有些核分裂產物半衰期極短，只有幾分之一秒，但少數的半衰期長到可在數年內對人類及環境構成威脅。

例如放射性物質「鍶-90」半衰期達28年，會在生物骨骼中積聚，並導致腫瘤、白血病和其他血液疾病；銫-137的半衰期為30年，可能導致生殖腺輻射暴露與基因損傷；鈽-​​239半衰期則長達2.44萬年，即使只攝取1微克，也會造成骨骼及肺部腫瘤等嚴重危害。",0.705078125,data_04.txt
6c9986ce,19,語義切塊,"「新一輪核武威脅時代」將來臨？
瑞典智庫斯德哥爾摩國際和平研究所（SIPRI）發布《2025全球核力量年鑑》指出，截至2025年1月，全球約有1萬2241枚核彈頭，其中9614枚屬可供實際部署的軍事庫存，且約有2100枚已搭載在彈道飛彈上，代表處於高度戰備狀態。

報告也分析，美、俄、英、法、中國、印度、巴基斯坦、北韓及以色列等9個擁核國，都仍計畫擴增核武庫，並退出軍備控制協議，加上美俄之間最後一份協議《新削減戰略武器條約》將於2026年2月到期，代表全球已開啟新一輪核武威脅時代。

如今的核武威脅達到冷戰以來的高峰，世界地緣政治局勢也比以往任何時候更動盪不安。",0.69873046875,data_04.txt
2ada0bc0,20,語義切塊,除了持續為台灣進行國土監測與災害應變外，「福衛八號」也將展現在國家安全、科學研究等面向發揮更完整的功能。國家太空中心主任吳宗信舉例，高解析度的影像能用來大面積監測中國海警船等船隻的動態，並與自動識別系統（AIS）資料比對，以偵測那些關閉訊號、從事非法行動的「暗目標」，「甚至我們在影像處理能使用AI去進行監控和預警，搭配起來會對國家安全、經濟活動有戰略保護的功能。」,0.6513671875,data_02.txt
